[
  {
    "id": 101,
    "name": "dummy"
  },
  {
    "\"id\"": "102",
    "name": "jaya"
  },
  {
    "\"id\"": "103",
    "name": "jaya"
  },
  {
    "\"id\"": "103",
    "name": "jaya"
  },
  {
    "\"id\"": "104",
    "name": "jaya"
  },
  {
    "\"id\"": "104",
    "name": "jaya"
  },
  {
    "id": "110",
    "name": "jaya"
  },
  {
    "\"id\"": "108",
    "name": "jaya"
  },
  {
    "id": "108",
    "name": "jaya"
  },
  {
    "id": "110",
    "name": "jaya"
  },
  {
    "id": "109",
    "name": "Omkar"
  }
]